{"cameraMode":{"drawMode":0,"name":"Shaded","section":"Shading Mode"},"sceneLighting":true,"audioPlay":false,"sceneViewState":{"showFog":true,"showMaterialUpdate":false,"showSkybox":true,"showFlares":true,"showImageEffects":true,"showParticleSystems":true,"showVisualEffectGraphs":true,"m_FxEnabled":true},"in2DMode":false,"pivot":{"x":-0.02037644386291504,"y":0.04026532173156738,"z":-2.2045230865478517},"rotation":{"x":-0.09167854487895966,"y":-0.8809572458267212,"z":0.1908215880393982,"w":-0.4232637882232666},"size":3.3073947429656984,"orthographic":false}