{"cameraMode":{"drawMode":0,"name":"Shaded","section":"Shading Mode"},"sceneLighting":true,"audioPlay":false,"sceneViewState":{"showFog":true,"showMaterialUpdate":false,"showSkybox":true,"showFlares":true,"showImageEffects":true,"showParticleSystems":true,"showVisualEffectGraphs":true,"m_FxEnabled":true},"in2DMode":false,"pivot":{"x":74.53960418701172,"y":-664.1630249023438,"z":-1704.753662109375},"rotation":{"x":-0.0005249885143712163,"y":-0.9949386715888977,"z":0.10064171999692917,"w":-0.005050379317253828},"size":1049.4825439453125,"orthographic":false}