{"cameraMode":{"drawMode":0,"name":"Shaded","section":"Shading Mode"},"sceneLighting":true,"audioPlay":false,"sceneViewState":{"showFog":true,"showMaterialUpdate":false,"showSkybox":true,"showFlares":true,"showImageEffects":true,"showParticleSystems":true,"showVisualEffectGraphs":true,"m_FxEnabled":true},"in2DMode":false,"pivot":{"x":610.2308349609375,"y":172.55685424804688,"z":-196.65814208984376},"rotation":{"x":-0.0016949833370745183,"y":-0.9912059307098389,"z":0.13191772997379304,"w":-0.01278061605989933},"size":464.636474609375,"orthographic":false}