{"cameraMode":{"drawMode":0,"name":"Shaded","section":"Shading Mode"},"sceneLighting":false,"audioPlay":false,"sceneViewState":{"showFog":true,"showMaterialUpdate":false,"showSkybox":false,"showFlares":true,"showImageEffects":true,"showParticleSystems":true,"showVisualEffectGraphs":true,"m_FxEnabled":true},"in2DMode":false,"pivot":{"x":3.059999942779541,"y":0.3799999952316284,"z":2.3299999237060549},"rotation":{"x":0.004447360523045063,"y":-0.9878799319267273,"z":0.1526498645544052,"w":0.028762685135006906},"size":3.866024971008301,"orthographic":false}